,parnme,pargp,covgp,x,y,tpl_filename,input_filename,parval1,datetime,timedelta,partype,partrans,parubnd,parlbnd,offset,dercom,scale,parchglim,zone
pname:wel_gr_inst:0_ptype:gr_usecol:3_pstyle:m_idx0:2_idx1:11_idx2:13,pname:wel_gr_inst:0_ptype:gr_usecol:3_pstyle:m_idx0:2_idx1:11_idx2:13,wel_gr,wel_gr,1,0,freyberg6_template\wel_gr_inst0_grid.csv.tpl,freyberg6_template\mult\wel_gr_inst0_grid.csv,1.0,2018-01-02,1 days,grid,log,1.5,0.5,0.0,1,1.0,factor,1
pname:wel_gr_inst:0_ptype:gr_usecol:3_pstyle:m_idx0:2_idx1:20_idx2:14,pname:wel_gr_inst:0_ptype:gr_usecol:3_pstyle:m_idx0:2_idx1:20_idx2:14,wel_gr,wel_gr,1,0,freyberg6_template\wel_gr_inst0_grid.csv.tpl,freyberg6_template\mult\wel_gr_inst0_grid.csv,1.0,2018-01-02,1 days,grid,log,1.5,0.5,0.0,1,1.0,factor,1
pname:wel_gr_inst:0_ptype:gr_usecol:3_pstyle:m_idx0:2_idx1:26_idx2:10,pname:wel_gr_inst:0_ptype:gr_usecol:3_pstyle:m_idx0:2_idx1:26_idx2:10,wel_gr,wel_gr,1,0,freyberg6_template\wel_gr_inst0_grid.csv.tpl,freyberg6_template\mult\wel_gr_inst0_grid.csv,1.0,2018-01-02,1 days,grid,log,1.5,0.5,0.0,1,1.0,factor,1
pname:wel_gr_inst:0_ptype:gr_usecol:3_pstyle:m_idx0:2_idx1:29_idx2:6,pname:wel_gr_inst:0_ptype:gr_usecol:3_pstyle:m_idx0:2_idx1:29_idx2:6,wel_gr,wel_gr,1,0,freyberg6_template\wel_gr_inst0_grid.csv.tpl,freyberg6_template\mult\wel_gr_inst0_grid.csv,1.0,2018-01-02,1 days,grid,log,1.5,0.5,0.0,1,1.0,factor,1
pname:wel_gr_inst:0_ptype:gr_usecol:3_pstyle:m_idx0:2_idx1:34_idx2:12,pname:wel_gr_inst:0_ptype:gr_usecol:3_pstyle:m_idx0:2_idx1:34_idx2:12,wel_gr,wel_gr,1,0,freyberg6_template\wel_gr_inst0_grid.csv.tpl,freyberg6_template\mult\wel_gr_inst0_grid.csv,1.0,2018-01-02,1 days,grid,log,1.5,0.5,0.0,1,1.0,factor,1
pname:wel_gr_inst:0_ptype:gr_usecol:3_pstyle:m_idx0:2_idx1:9_idx2:16,pname:wel_gr_inst:0_ptype:gr_usecol:3_pstyle:m_idx0:2_idx1:9_idx2:16,wel_gr,wel_gr,1,0,freyberg6_template\wel_gr_inst0_grid.csv.tpl,freyberg6_template\mult\wel_gr_inst0_grid.csv,1.0,2018-01-02,1 days,grid,log,1.5,0.5,0.0,1,1.0,factor,1
pname:wel_gr_inst:10_ptype:gr_usecol:3_pstyle:m_idx0:2_idx1:11_idx2:13,pname:wel_gr_inst:10_ptype:gr_usecol:3_pstyle:m_idx0:2_idx1:11_idx2:13,wel_gr,wel_gr,548,0,freyberg6_template\wel_gr_inst10_grid.csv.tpl,freyberg6_template\mult\wel_gr_inst10_grid.csv,1.0,2019-07-03,548 days,grid,log,1.5,0.5,0.0,1,1.0,factor,1
pname:wel_gr_inst:10_ptype:gr_usecol:3_pstyle:m_idx0:2_idx1:20_idx2:14,pname:wel_gr_inst:10_ptype:gr_usecol:3_pstyle:m_idx0:2_idx1:20_idx2:14,wel_gr,wel_gr,548,0,freyberg6_template\wel_gr_inst10_grid.csv.tpl,freyberg6_template\mult\wel_gr_inst10_grid.csv,1.0,2019-07-03,548 days,grid,log,1.5,0.5,0.0,1,1.0,factor,1
pname:wel_gr_inst:10_ptype:gr_usecol:3_pstyle:m_idx0:2_idx1:26_idx2:10,pname:wel_gr_inst:10_ptype:gr_usecol:3_pstyle:m_idx0:2_idx1:26_idx2:10,wel_gr,wel_gr,548,0,freyberg6_template\wel_gr_inst10_grid.csv.tpl,freyberg6_template\mult\wel_gr_inst10_grid.csv,1.0,2019-07-03,548 days,grid,log,1.5,0.5,0.0,1,1.0,factor,1
pname:wel_gr_inst:10_ptype:gr_usecol:3_pstyle:m_idx0:2_idx1:29_idx2:6,pname:wel_gr_inst:10_ptype:gr_usecol:3_pstyle:m_idx0:2_idx1:29_idx2:6,wel_gr,wel_gr,548,0,freyberg6_template\wel_gr_inst10_grid.csv.tpl,freyberg6_template\mult\wel_gr_inst10_grid.csv,1.0,2019-07-03,548 days,grid,log,1.5,0.5,0.0,1,1.0,factor,1
pname:wel_gr_inst:10_ptype:gr_usecol:3_pstyle:m_idx0:2_idx1:34_idx2:12,pname:wel_gr_inst:10_ptype:gr_usecol:3_pstyle:m_idx0:2_idx1:34_idx2:12,wel_gr,wel_gr,548,0,freyberg6_template\wel_gr_inst10_grid.csv.tpl,freyberg6_template\mult\wel_gr_inst10_grid.csv,1.0,2019-07-03,548 days,grid,log,1.5,0.5,0.0,1,1.0,factor,1
pname:wel_gr_inst:10_ptype:gr_usecol:3_pstyle:m_idx0:2_idx1:9_idx2:16,pname:wel_gr_inst:10_ptype:gr_usecol:3_pstyle:m_idx0:2_idx1:9_idx2:16,wel_gr,wel_gr,548,0,freyberg6_template\wel_gr_inst10_grid.csv.tpl,freyberg6_template\mult\wel_gr_inst10_grid.csv,1.0,2019-07-03,548 days,grid,log,1.5,0.5,0.0,1,1.0,factor,1
pname:wel_gr_inst:11_ptype:gr_usecol:3_pstyle:m_idx0:2_idx1:11_idx2:13,pname:wel_gr_inst:11_ptype:gr_usecol:3_pstyle:m_idx0:2_idx1:11_idx2:13,wel_gr,wel_gr,32,0,freyberg6_template\wel_gr_inst11_grid.csv.tpl,freyberg6_template\mult\wel_gr_inst11_grid.csv,1.0,2018-02-02,32 days,grid,log,1.5,0.5,0.0,1,1.0,factor,1
pname:wel_gr_inst:11_ptype:gr_usecol:3_pstyle:m_idx0:2_idx1:20_idx2:14,pname:wel_gr_inst:11_ptype:gr_usecol:3_pstyle:m_idx0:2_idx1:20_idx2:14,wel_gr,wel_gr,32,0,freyberg6_template\wel_gr_inst11_grid.csv.tpl,freyberg6_template\mult\wel_gr_inst11_grid.csv,1.0,2018-02-02,32 days,grid,log,1.5,0.5,0.0,1,1.0,factor,1
pname:wel_gr_inst:11_ptype:gr_usecol:3_pstyle:m_idx0:2_idx1:26_idx2:10,pname:wel_gr_inst:11_ptype:gr_usecol:3_pstyle:m_idx0:2_idx1:26_idx2:10,wel_gr,wel_gr,32,0,freyberg6_template\wel_gr_inst11_grid.csv.tpl,freyberg6_template\mult\wel_gr_inst11_grid.csv,1.0,2018-02-02,32 days,grid,log,1.5,0.5,0.0,1,1.0,factor,1
pname:wel_gr_inst:11_ptype:gr_usecol:3_pstyle:m_idx0:2_idx1:29_idx2:6,pname:wel_gr_inst:11_ptype:gr_usecol:3_pstyle:m_idx0:2_idx1:29_idx2:6,wel_gr,wel_gr,32,0,freyberg6_template\wel_gr_inst11_grid.csv.tpl,freyberg6_template\mult\wel_gr_inst11_grid.csv,1.0,2018-02-02,32 days,grid,log,1.5,0.5,0.0,1,1.0,factor,1
pname:wel_gr_inst:11_ptype:gr_usecol:3_pstyle:m_idx0:2_idx1:34_idx2:12,pname:wel_gr_inst:11_ptype:gr_usecol:3_pstyle:m_idx0:2_idx1:34_idx2:12,wel_gr,wel_gr,32,0,freyberg6_template\wel_gr_inst11_grid.csv.tpl,freyberg6_template\mult\wel_gr_inst11_grid.csv,1.0,2018-02-02,32 days,grid,log,1.5,0.5,0.0,1,1.0,factor,1
pname:wel_gr_inst:11_ptype:gr_usecol:3_pstyle:m_idx0:2_idx1:9_idx2:16,pname:wel_gr_inst:11_ptype:gr_usecol:3_pstyle:m_idx0:2_idx1:9_idx2:16,wel_gr,wel_gr,32,0,freyberg6_template\wel_gr_inst11_grid.csv.tpl,freyberg6_template\mult\wel_gr_inst11_grid.csv,1.0,2018-02-02,32 days,grid,log,1.5,0.5,0.0,1,1.0,factor,1
pname:wel_gr_inst:12_ptype:gr_usecol:3_pstyle:m_idx0:2_idx1:11_idx2:13,pname:wel_gr_inst:12_ptype:gr_usecol:3_pstyle:m_idx0:2_idx1:11_idx2:13,wel_gr,wel_gr,579,0,freyberg6_template\wel_gr_inst12_grid.csv.tpl,freyberg6_template\mult\wel_gr_inst12_grid.csv,1.0,2019-08-03,579 days,grid,log,1.5,0.5,0.0,1,1.0,factor,1
pname:wel_gr_inst:12_ptype:gr_usecol:3_pstyle:m_idx0:2_idx1:20_idx2:14,pname:wel_gr_inst:12_ptype:gr_usecol:3_pstyle:m_idx0:2_idx1:20_idx2:14,wel_gr,wel_gr,579,0,freyberg6_template\wel_gr_inst12_grid.csv.tpl,freyberg6_template\mult\wel_gr_inst12_grid.csv,1.0,2019-08-03,579 days,grid,log,1.5,0.5,0.0,1,1.0,factor,1
pname:wel_gr_inst:12_ptype:gr_usecol:3_pstyle:m_idx0:2_idx1:26_idx2:10,pname:wel_gr_inst:12_ptype:gr_usecol:3_pstyle:m_idx0:2_idx1:26_idx2:10,wel_gr,wel_gr,579,0,freyberg6_template\wel_gr_inst12_grid.csv.tpl,freyberg6_template\mult\wel_gr_inst12_grid.csv,1.0,2019-08-03,579 days,grid,log,1.5,0.5,0.0,1,1.0,factor,1
pname:wel_gr_inst:12_ptype:gr_usecol:3_pstyle:m_idx0:2_idx1:29_idx2:6,pname:wel_gr_inst:12_ptype:gr_usecol:3_pstyle:m_idx0:2_idx1:29_idx2:6,wel_gr,wel_gr,579,0,freyberg6_template\wel_gr_inst12_grid.csv.tpl,freyberg6_template\mult\wel_gr_inst12_grid.csv,1.0,2019-08-03,579 days,grid,log,1.5,0.5,0.0,1,1.0,factor,1
pname:wel_gr_inst:12_ptype:gr_usecol:3_pstyle:m_idx0:2_idx1:34_idx2:12,pname:wel_gr_inst:12_ptype:gr_usecol:3_pstyle:m_idx0:2_idx1:34_idx2:12,wel_gr,wel_gr,579,0,freyberg6_template\wel_gr_inst12_grid.csv.tpl,freyberg6_template\mult\wel_gr_inst12_grid.csv,1.0,2019-08-03,579 days,grid,log,1.5,0.5,0.0,1,1.0,factor,1
pname:wel_gr_inst:12_ptype:gr_usecol:3_pstyle:m_idx0:2_idx1:9_idx2:16,pname:wel_gr_inst:12_ptype:gr_usecol:3_pstyle:m_idx0:2_idx1:9_idx2:16,wel_gr,wel_gr,579,0,freyberg6_template\wel_gr_inst12_grid.csv.tpl,freyberg6_template\mult\wel_gr_inst12_grid.csv,1.0,2019-08-03,579 days,grid,log,1.5,0.5,0.0,1,1.0,factor,1
pname:wel_gr_inst:13_ptype:gr_usecol:3_pstyle:m_idx0:2_idx1:11_idx2:13,pname:wel_gr_inst:13_ptype:gr_usecol:3_pstyle:m_idx0:2_idx1:11_idx2:13,wel_gr,wel_gr,610,0,freyberg6_template\wel_gr_inst13_grid.csv.tpl,freyberg6_template\mult\wel_gr_inst13_grid.csv,1.0,2019-09-03,610 days,grid,log,1.5,0.5,0.0,1,1.0,factor,1
pname:wel_gr_inst:13_ptype:gr_usecol:3_pstyle:m_idx0:2_idx1:20_idx2:14,pname:wel_gr_inst:13_ptype:gr_usecol:3_pstyle:m_idx0:2_idx1:20_idx2:14,wel_gr,wel_gr,610,0,freyberg6_template\wel_gr_inst13_grid.csv.tpl,freyberg6_template\mult\wel_gr_inst13_grid.csv,1.0,2019-09-03,610 days,grid,log,1.5,0.5,0.0,1,1.0,factor,1
pname:wel_gr_inst:13_ptype:gr_usecol:3_pstyle:m_idx0:2_idx1:26_idx2:10,pname:wel_gr_inst:13_ptype:gr_usecol:3_pstyle:m_idx0:2_idx1:26_idx2:10,wel_gr,wel_gr,610,0,freyberg6_template\wel_gr_inst13_grid.csv.tpl,freyberg6_template\mult\wel_gr_inst13_grid.csv,1.0,2019-09-03,610 days,grid,log,1.5,0.5,0.0,1,1.0,factor,1
pname:wel_gr_inst:13_ptype:gr_usecol:3_pstyle:m_idx0:2_idx1:29_idx2:6,pname:wel_gr_inst:13_ptype:gr_usecol:3_pstyle:m_idx0:2_idx1:29_idx2:6,wel_gr,wel_gr,610,0,freyberg6_template\wel_gr_inst13_grid.csv.tpl,freyberg6_template\mult\wel_gr_inst13_grid.csv,1.0,2019-09-03,610 days,grid,log,1.5,0.5,0.0,1,1.0,factor,1
pname:wel_gr_inst:13_ptype:gr_usecol:3_pstyle:m_idx0:2_idx1:34_idx2:12,pname:wel_gr_inst:13_ptype:gr_usecol:3_pstyle:m_idx0:2_idx1:34_idx2:12,wel_gr,wel_gr,610,0,freyberg6_template\wel_gr_inst13_grid.csv.tpl,freyberg6_template\mult\wel_gr_inst13_grid.csv,1.0,2019-09-03,610 days,grid,log,1.5,0.5,0.0,1,1.0,factor,1
pname:wel_gr_inst:13_ptype:gr_usecol:3_pstyle:m_idx0:2_idx1:9_idx2:16,pname:wel_gr_inst:13_ptype:gr_usecol:3_pstyle:m_idx0:2_idx1:9_idx2:16,wel_gr,wel_gr,610,0,freyberg6_template\wel_gr_inst13_grid.csv.tpl,freyberg6_template\mult\wel_gr_inst13_grid.csv,1.0,2019-09-03,610 days,grid,log,1.5,0.5,0.0,1,1.0,factor,1
pname:wel_gr_inst:14_ptype:gr_usecol:3_pstyle:m_idx0:2_idx1:11_idx2:13,pname:wel_gr_inst:14_ptype:gr_usecol:3_pstyle:m_idx0:2_idx1:11_idx2:13,wel_gr,wel_gr,640,0,freyberg6_template\wel_gr_inst14_grid.csv.tpl,freyberg6_template\mult\wel_gr_inst14_grid.csv,1.0,2019-10-03,640 days,grid,log,1.5,0.5,0.0,1,1.0,factor,1
pname:wel_gr_inst:14_ptype:gr_usecol:3_pstyle:m_idx0:2_idx1:20_idx2:14,pname:wel_gr_inst:14_ptype:gr_usecol:3_pstyle:m_idx0:2_idx1:20_idx2:14,wel_gr,wel_gr,640,0,freyberg6_template\wel_gr_inst14_grid.csv.tpl,freyberg6_template\mult\wel_gr_inst14_grid.csv,1.0,2019-10-03,640 days,grid,log,1.5,0.5,0.0,1,1.0,factor,1
pname:wel_gr_inst:14_ptype:gr_usecol:3_pstyle:m_idx0:2_idx1:26_idx2:10,pname:wel_gr_inst:14_ptype:gr_usecol:3_pstyle:m_idx0:2_idx1:26_idx2:10,wel_gr,wel_gr,640,0,freyberg6_template\wel_gr_inst14_grid.csv.tpl,freyberg6_template\mult\wel_gr_inst14_grid.csv,1.0,2019-10-03,640 days,grid,log,1.5,0.5,0.0,1,1.0,factor,1
pname:wel_gr_inst:14_ptype:gr_usecol:3_pstyle:m_idx0:2_idx1:29_idx2:6,pname:wel_gr_inst:14_ptype:gr_usecol:3_pstyle:m_idx0:2_idx1:29_idx2:6,wel_gr,wel_gr,640,0,freyberg6_template\wel_gr_inst14_grid.csv.tpl,freyberg6_template\mult\wel_gr_inst14_grid.csv,1.0,2019-10-03,640 days,grid,log,1.5,0.5,0.0,1,1.0,factor,1
pname:wel_gr_inst:14_ptype:gr_usecol:3_pstyle:m_idx0:2_idx1:34_idx2:12,pname:wel_gr_inst:14_ptype:gr_usecol:3_pstyle:m_idx0:2_idx1:34_idx2:12,wel_gr,wel_gr,640,0,freyberg6_template\wel_gr_inst14_grid.csv.tpl,freyberg6_template\mult\wel_gr_inst14_grid.csv,1.0,2019-10-03,640 days,grid,log,1.5,0.5,0.0,1,1.0,factor,1
pname:wel_gr_inst:14_ptype:gr_usecol:3_pstyle:m_idx0:2_idx1:9_idx2:16,pname:wel_gr_inst:14_ptype:gr_usecol:3_pstyle:m_idx0:2_idx1:9_idx2:16,wel_gr,wel_gr,640,0,freyberg6_template\wel_gr_inst14_grid.csv.tpl,freyberg6_template\mult\wel_gr_inst14_grid.csv,1.0,2019-10-03,640 days,grid,log,1.5,0.5,0.0,1,1.0,factor,1
pname:wel_gr_inst:15_ptype:gr_usecol:3_pstyle:m_idx0:2_idx1:11_idx2:13,pname:wel_gr_inst:15_ptype:gr_usecol:3_pstyle:m_idx0:2_idx1:11_idx2:13,wel_gr,wel_gr,671,0,freyberg6_template\wel_gr_inst15_grid.csv.tpl,freyberg6_template\mult\wel_gr_inst15_grid.csv,1.0,2019-11-03,671 days,grid,log,1.5,0.5,0.0,1,1.0,factor,1
pname:wel_gr_inst:15_ptype:gr_usecol:3_pstyle:m_idx0:2_idx1:20_idx2:14,pname:wel_gr_inst:15_ptype:gr_usecol:3_pstyle:m_idx0:2_idx1:20_idx2:14,wel_gr,wel_gr,671,0,freyberg6_template\wel_gr_inst15_grid.csv.tpl,freyberg6_template\mult\wel_gr_inst15_grid.csv,1.0,2019-11-03,671 days,grid,log,1.5,0.5,0.0,1,1.0,factor,1
pname:wel_gr_inst:15_ptype:gr_usecol:3_pstyle:m_idx0:2_idx1:26_idx2:10,pname:wel_gr_inst:15_ptype:gr_usecol:3_pstyle:m_idx0:2_idx1:26_idx2:10,wel_gr,wel_gr,671,0,freyberg6_template\wel_gr_inst15_grid.csv.tpl,freyberg6_template\mult\wel_gr_inst15_grid.csv,1.0,2019-11-03,671 days,grid,log,1.5,0.5,0.0,1,1.0,factor,1
pname:wel_gr_inst:15_ptype:gr_usecol:3_pstyle:m_idx0:2_idx1:29_idx2:6,pname:wel_gr_inst:15_ptype:gr_usecol:3_pstyle:m_idx0:2_idx1:29_idx2:6,wel_gr,wel_gr,671,0,freyberg6_template\wel_gr_inst15_grid.csv.tpl,freyberg6_template\mult\wel_gr_inst15_grid.csv,1.0,2019-11-03,671 days,grid,log,1.5,0.5,0.0,1,1.0,factor,1
pname:wel_gr_inst:15_ptype:gr_usecol:3_pstyle:m_idx0:2_idx1:34_idx2:12,pname:wel_gr_inst:15_ptype:gr_usecol:3_pstyle:m_idx0:2_idx1:34_idx2:12,wel_gr,wel_gr,671,0,freyberg6_template\wel_gr_inst15_grid.csv.tpl,freyberg6_template\mult\wel_gr_inst15_grid.csv,1.0,2019-11-03,671 days,grid,log,1.5,0.5,0.0,1,1.0,factor,1
pname:wel_gr_inst:15_ptype:gr_usecol:3_pstyle:m_idx0:2_idx1:9_idx2:16,pname:wel_gr_inst:15_ptype:gr_usecol:3_pstyle:m_idx0:2_idx1:9_idx2:16,wel_gr,wel_gr,671,0,freyberg6_template\wel_gr_inst15_grid.csv.tpl,freyberg6_template\mult\wel_gr_inst15_grid.csv,1.0,2019-11-03,671 days,grid,log,1.5,0.5,0.0,1,1.0,factor,1
pname:wel_gr_inst:16_ptype:gr_usecol:3_pstyle:m_idx0:2_idx1:11_idx2:13,pname:wel_gr_inst:16_ptype:gr_usecol:3_pstyle:m_idx0:2_idx1:11_idx2:13,wel_gr,wel_gr,701,0,freyberg6_template\wel_gr_inst16_grid.csv.tpl,freyberg6_template\mult\wel_gr_inst16_grid.csv,1.0,2019-12-03,701 days,grid,log,1.5,0.5,0.0,1,1.0,factor,1
pname:wel_gr_inst:16_ptype:gr_usecol:3_pstyle:m_idx0:2_idx1:20_idx2:14,pname:wel_gr_inst:16_ptype:gr_usecol:3_pstyle:m_idx0:2_idx1:20_idx2:14,wel_gr,wel_gr,701,0,freyberg6_template\wel_gr_inst16_grid.csv.tpl,freyberg6_template\mult\wel_gr_inst16_grid.csv,1.0,2019-12-03,701 days,grid,log,1.5,0.5,0.0,1,1.0,factor,1
pname:wel_gr_inst:16_ptype:gr_usecol:3_pstyle:m_idx0:2_idx1:26_idx2:10,pname:wel_gr_inst:16_ptype:gr_usecol:3_pstyle:m_idx0:2_idx1:26_idx2:10,wel_gr,wel_gr,701,0,freyberg6_template\wel_gr_inst16_grid.csv.tpl,freyberg6_template\mult\wel_gr_inst16_grid.csv,1.0,2019-12-03,701 days,grid,log,1.5,0.5,0.0,1,1.0,factor,1
pname:wel_gr_inst:16_ptype:gr_usecol:3_pstyle:m_idx0:2_idx1:29_idx2:6,pname:wel_gr_inst:16_ptype:gr_usecol:3_pstyle:m_idx0:2_idx1:29_idx2:6,wel_gr,wel_gr,701,0,freyberg6_template\wel_gr_inst16_grid.csv.tpl,freyberg6_template\mult\wel_gr_inst16_grid.csv,1.0,2019-12-03,701 days,grid,log,1.5,0.5,0.0,1,1.0,factor,1
pname:wel_gr_inst:16_ptype:gr_usecol:3_pstyle:m_idx0:2_idx1:34_idx2:12,pname:wel_gr_inst:16_ptype:gr_usecol:3_pstyle:m_idx0:2_idx1:34_idx2:12,wel_gr,wel_gr,701,0,freyberg6_template\wel_gr_inst16_grid.csv.tpl,freyberg6_template\mult\wel_gr_inst16_grid.csv,1.0,2019-12-03,701 days,grid,log,1.5,0.5,0.0,1,1.0,factor,1
pname:wel_gr_inst:16_ptype:gr_usecol:3_pstyle:m_idx0:2_idx1:9_idx2:16,pname:wel_gr_inst:16_ptype:gr_usecol:3_pstyle:m_idx0:2_idx1:9_idx2:16,wel_gr,wel_gr,701,0,freyberg6_template\wel_gr_inst16_grid.csv.tpl,freyberg6_template\mult\wel_gr_inst16_grid.csv,1.0,2019-12-03,701 days,grid,log,1.5,0.5,0.0,1,1.0,factor,1
pname:wel_gr_inst:17_ptype:gr_usecol:3_pstyle:m_idx0:2_idx1:11_idx2:13,pname:wel_gr_inst:17_ptype:gr_usecol:3_pstyle:m_idx0:2_idx1:11_idx2:13,wel_gr,wel_gr,732,0,freyberg6_template\wel_gr_inst17_grid.csv.tpl,freyberg6_template\mult\wel_gr_inst17_grid.csv,1.0,2020-01-03,732 days,grid,log,1.5,0.5,0.0,1,1.0,factor,1
pname:wel_gr_inst:17_ptype:gr_usecol:3_pstyle:m_idx0:2_idx1:20_idx2:14,pname:wel_gr_inst:17_ptype:gr_usecol:3_pstyle:m_idx0:2_idx1:20_idx2:14,wel_gr,wel_gr,732,0,freyberg6_template\wel_gr_inst17_grid.csv.tpl,freyberg6_template\mult\wel_gr_inst17_grid.csv,1.0,2020-01-03,732 days,grid,log,1.5,0.5,0.0,1,1.0,factor,1
pname:wel_gr_inst:17_ptype:gr_usecol:3_pstyle:m_idx0:2_idx1:26_idx2:10,pname:wel_gr_inst:17_ptype:gr_usecol:3_pstyle:m_idx0:2_idx1:26_idx2:10,wel_gr,wel_gr,732,0,freyberg6_template\wel_gr_inst17_grid.csv.tpl,freyberg6_template\mult\wel_gr_inst17_grid.csv,1.0,2020-01-03,732 days,grid,log,1.5,0.5,0.0,1,1.0,factor,1
pname:wel_gr_inst:17_ptype:gr_usecol:3_pstyle:m_idx0:2_idx1:29_idx2:6,pname:wel_gr_inst:17_ptype:gr_usecol:3_pstyle:m_idx0:2_idx1:29_idx2:6,wel_gr,wel_gr,732,0,freyberg6_template\wel_gr_inst17_grid.csv.tpl,freyberg6_template\mult\wel_gr_inst17_grid.csv,1.0,2020-01-03,732 days,grid,log,1.5,0.5,0.0,1,1.0,factor,1
pname:wel_gr_inst:17_ptype:gr_usecol:3_pstyle:m_idx0:2_idx1:34_idx2:12,pname:wel_gr_inst:17_ptype:gr_usecol:3_pstyle:m_idx0:2_idx1:34_idx2:12,wel_gr,wel_gr,732,0,freyberg6_template\wel_gr_inst17_grid.csv.tpl,freyberg6_template\mult\wel_gr_inst17_grid.csv,1.0,2020-01-03,732 days,grid,log,1.5,0.5,0.0,1,1.0,factor,1
pname:wel_gr_inst:17_ptype:gr_usecol:3_pstyle:m_idx0:2_idx1:9_idx2:16,pname:wel_gr_inst:17_ptype:gr_usecol:3_pstyle:m_idx0:2_idx1:9_idx2:16,wel_gr,wel_gr,732,0,freyberg6_template\wel_gr_inst17_grid.csv.tpl,freyberg6_template\mult\wel_gr_inst17_grid.csv,1.0,2020-01-03,732 days,grid,log,1.5,0.5,0.0,1,1.0,factor,1
pname:wel_gr_inst:18_ptype:gr_usecol:3_pstyle:m_idx0:2_idx1:11_idx2:13,pname:wel_gr_inst:18_ptype:gr_usecol:3_pstyle:m_idx0:2_idx1:11_idx2:13,wel_gr,wel_gr,61,0,freyberg6_template\wel_gr_inst18_grid.csv.tpl,freyberg6_template\mult\wel_gr_inst18_grid.csv,1.0,2018-03-03,61 days,grid,log,1.5,0.5,0.0,1,1.0,factor,1
pname:wel_gr_inst:18_ptype:gr_usecol:3_pstyle:m_idx0:2_idx1:20_idx2:14,pname:wel_gr_inst:18_ptype:gr_usecol:3_pstyle:m_idx0:2_idx1:20_idx2:14,wel_gr,wel_gr,61,0,freyberg6_template\wel_gr_inst18_grid.csv.tpl,freyberg6_template\mult\wel_gr_inst18_grid.csv,1.0,2018-03-03,61 days,grid,log,1.5,0.5,0.0,1,1.0,factor,1
pname:wel_gr_inst:18_ptype:gr_usecol:3_pstyle:m_idx0:2_idx1:26_idx2:10,pname:wel_gr_inst:18_ptype:gr_usecol:3_pstyle:m_idx0:2_idx1:26_idx2:10,wel_gr,wel_gr,61,0,freyberg6_template\wel_gr_inst18_grid.csv.tpl,freyberg6_template\mult\wel_gr_inst18_grid.csv,1.0,2018-03-03,61 days,grid,log,1.5,0.5,0.0,1,1.0,factor,1
pname:wel_gr_inst:18_ptype:gr_usecol:3_pstyle:m_idx0:2_idx1:29_idx2:6,pname:wel_gr_inst:18_ptype:gr_usecol:3_pstyle:m_idx0:2_idx1:29_idx2:6,wel_gr,wel_gr,61,0,freyberg6_template\wel_gr_inst18_grid.csv.tpl,freyberg6_template\mult\wel_gr_inst18_grid.csv,1.0,2018-03-03,61 days,grid,log,1.5,0.5,0.0,1,1.0,factor,1
pname:wel_gr_inst:18_ptype:gr_usecol:3_pstyle:m_idx0:2_idx1:34_idx2:12,pname:wel_gr_inst:18_ptype:gr_usecol:3_pstyle:m_idx0:2_idx1:34_idx2:12,wel_gr,wel_gr,61,0,freyberg6_template\wel_gr_inst18_grid.csv.tpl,freyberg6_template\mult\wel_gr_inst18_grid.csv,1.0,2018-03-03,61 days,grid,log,1.5,0.5,0.0,1,1.0,factor,1
pname:wel_gr_inst:18_ptype:gr_usecol:3_pstyle:m_idx0:2_idx1:9_idx2:16,pname:wel_gr_inst:18_ptype:gr_usecol:3_pstyle:m_idx0:2_idx1:9_idx2:16,wel_gr,wel_gr,61,0,freyberg6_template\wel_gr_inst18_grid.csv.tpl,freyberg6_template\mult\wel_gr_inst18_grid.csv,1.0,2018-03-03,61 days,grid,log,1.5,0.5,0.0,1,1.0,factor,1
pname:wel_gr_inst:19_ptype:gr_usecol:3_pstyle:m_idx0:2_idx1:11_idx2:13,pname:wel_gr_inst:19_ptype:gr_usecol:3_pstyle:m_idx0:2_idx1:11_idx2:13,wel_gr,wel_gr,92,0,freyberg6_template\wel_gr_inst19_grid.csv.tpl,freyberg6_template\mult\wel_gr_inst19_grid.csv,1.0,2018-04-03,92 days,grid,log,1.5,0.5,0.0,1,1.0,factor,1
pname:wel_gr_inst:19_ptype:gr_usecol:3_pstyle:m_idx0:2_idx1:20_idx2:14,pname:wel_gr_inst:19_ptype:gr_usecol:3_pstyle:m_idx0:2_idx1:20_idx2:14,wel_gr,wel_gr,92,0,freyberg6_template\wel_gr_inst19_grid.csv.tpl,freyberg6_template\mult\wel_gr_inst19_grid.csv,1.0,2018-04-03,92 days,grid,log,1.5,0.5,0.0,1,1.0,factor,1
pname:wel_gr_inst:19_ptype:gr_usecol:3_pstyle:m_idx0:2_idx1:26_idx2:10,pname:wel_gr_inst:19_ptype:gr_usecol:3_pstyle:m_idx0:2_idx1:26_idx2:10,wel_gr,wel_gr,92,0,freyberg6_template\wel_gr_inst19_grid.csv.tpl,freyberg6_template\mult\wel_gr_inst19_grid.csv,1.0,2018-04-03,92 days,grid,log,1.5,0.5,0.0,1,1.0,factor,1
pname:wel_gr_inst:19_ptype:gr_usecol:3_pstyle:m_idx0:2_idx1:29_idx2:6,pname:wel_gr_inst:19_ptype:gr_usecol:3_pstyle:m_idx0:2_idx1:29_idx2:6,wel_gr,wel_gr,92,0,freyberg6_template\wel_gr_inst19_grid.csv.tpl,freyberg6_template\mult\wel_gr_inst19_grid.csv,1.0,2018-04-03,92 days,grid,log,1.5,0.5,0.0,1,1.0,factor,1
pname:wel_gr_inst:19_ptype:gr_usecol:3_pstyle:m_idx0:2_idx1:34_idx2:12,pname:wel_gr_inst:19_ptype:gr_usecol:3_pstyle:m_idx0:2_idx1:34_idx2:12,wel_gr,wel_gr,92,0,freyberg6_template\wel_gr_inst19_grid.csv.tpl,freyberg6_template\mult\wel_gr_inst19_grid.csv,1.0,2018-04-03,92 days,grid,log,1.5,0.5,0.0,1,1.0,factor,1
pname:wel_gr_inst:19_ptype:gr_usecol:3_pstyle:m_idx0:2_idx1:9_idx2:16,pname:wel_gr_inst:19_ptype:gr_usecol:3_pstyle:m_idx0:2_idx1:9_idx2:16,wel_gr,wel_gr,92,0,freyberg6_template\wel_gr_inst19_grid.csv.tpl,freyberg6_template\mult\wel_gr_inst19_grid.csv,1.0,2018-04-03,92 days,grid,log,1.5,0.5,0.0,1,1.0,factor,1
pname:wel_gr_inst:1_ptype:gr_usecol:3_pstyle:m_idx0:2_idx1:11_idx2:13,pname:wel_gr_inst:1_ptype:gr_usecol:3_pstyle:m_idx0:2_idx1:11_idx2:13,wel_gr,wel_gr,275,0,freyberg6_template\wel_gr_inst1_grid.csv.tpl,freyberg6_template\mult\wel_gr_inst1_grid.csv,1.0,2018-10-03,275 days,grid,log,1.5,0.5,0.0,1,1.0,factor,1
pname:wel_gr_inst:1_ptype:gr_usecol:3_pstyle:m_idx0:2_idx1:20_idx2:14,pname:wel_gr_inst:1_ptype:gr_usecol:3_pstyle:m_idx0:2_idx1:20_idx2:14,wel_gr,wel_gr,275,0,freyberg6_template\wel_gr_inst1_grid.csv.tpl,freyberg6_template\mult\wel_gr_inst1_grid.csv,1.0,2018-10-03,275 days,grid,log,1.5,0.5,0.0,1,1.0,factor,1
pname:wel_gr_inst:1_ptype:gr_usecol:3_pstyle:m_idx0:2_idx1:26_idx2:10,pname:wel_gr_inst:1_ptype:gr_usecol:3_pstyle:m_idx0:2_idx1:26_idx2:10,wel_gr,wel_gr,275,0,freyberg6_template\wel_gr_inst1_grid.csv.tpl,freyberg6_template\mult\wel_gr_inst1_grid.csv,1.0,2018-10-03,275 days,grid,log,1.5,0.5,0.0,1,1.0,factor,1
pname:wel_gr_inst:1_ptype:gr_usecol:3_pstyle:m_idx0:2_idx1:29_idx2:6,pname:wel_gr_inst:1_ptype:gr_usecol:3_pstyle:m_idx0:2_idx1:29_idx2:6,wel_gr,wel_gr,275,0,freyberg6_template\wel_gr_inst1_grid.csv.tpl,freyberg6_template\mult\wel_gr_inst1_grid.csv,1.0,2018-10-03,275 days,grid,log,1.5,0.5,0.0,1,1.0,factor,1
pname:wel_gr_inst:1_ptype:gr_usecol:3_pstyle:m_idx0:2_idx1:34_idx2:12,pname:wel_gr_inst:1_ptype:gr_usecol:3_pstyle:m_idx0:2_idx1:34_idx2:12,wel_gr,wel_gr,275,0,freyberg6_template\wel_gr_inst1_grid.csv.tpl,freyberg6_template\mult\wel_gr_inst1_grid.csv,1.0,2018-10-03,275 days,grid,log,1.5,0.5,0.0,1,1.0,factor,1
pname:wel_gr_inst:1_ptype:gr_usecol:3_pstyle:m_idx0:2_idx1:9_idx2:16,pname:wel_gr_inst:1_ptype:gr_usecol:3_pstyle:m_idx0:2_idx1:9_idx2:16,wel_gr,wel_gr,275,0,freyberg6_template\wel_gr_inst1_grid.csv.tpl,freyberg6_template\mult\wel_gr_inst1_grid.csv,1.0,2018-10-03,275 days,grid,log,1.5,0.5,0.0,1,1.0,factor,1
pname:wel_gr_inst:20_ptype:gr_usecol:3_pstyle:m_idx0:2_idx1:11_idx2:13,pname:wel_gr_inst:20_ptype:gr_usecol:3_pstyle:m_idx0:2_idx1:11_idx2:13,wel_gr,wel_gr,122,0,freyberg6_template\wel_gr_inst20_grid.csv.tpl,freyberg6_template\mult\wel_gr_inst20_grid.csv,1.0,2018-05-03,122 days,grid,log,1.5,0.5,0.0,1,1.0,factor,1
pname:wel_gr_inst:20_ptype:gr_usecol:3_pstyle:m_idx0:2_idx1:20_idx2:14,pname:wel_gr_inst:20_ptype:gr_usecol:3_pstyle:m_idx0:2_idx1:20_idx2:14,wel_gr,wel_gr,122,0,freyberg6_template\wel_gr_inst20_grid.csv.tpl,freyberg6_template\mult\wel_gr_inst20_grid.csv,1.0,2018-05-03,122 days,grid,log,1.5,0.5,0.0,1,1.0,factor,1
pname:wel_gr_inst:20_ptype:gr_usecol:3_pstyle:m_idx0:2_idx1:26_idx2:10,pname:wel_gr_inst:20_ptype:gr_usecol:3_pstyle:m_idx0:2_idx1:26_idx2:10,wel_gr,wel_gr,122,0,freyberg6_template\wel_gr_inst20_grid.csv.tpl,freyberg6_template\mult\wel_gr_inst20_grid.csv,1.0,2018-05-03,122 days,grid,log,1.5,0.5,0.0,1,1.0,factor,1
pname:wel_gr_inst:20_ptype:gr_usecol:3_pstyle:m_idx0:2_idx1:29_idx2:6,pname:wel_gr_inst:20_ptype:gr_usecol:3_pstyle:m_idx0:2_idx1:29_idx2:6,wel_gr,wel_gr,122,0,freyberg6_template\wel_gr_inst20_grid.csv.tpl,freyberg6_template\mult\wel_gr_inst20_grid.csv,1.0,2018-05-03,122 days,grid,log,1.5,0.5,0.0,1,1.0,factor,1
pname:wel_gr_inst:20_ptype:gr_usecol:3_pstyle:m_idx0:2_idx1:34_idx2:12,pname:wel_gr_inst:20_ptype:gr_usecol:3_pstyle:m_idx0:2_idx1:34_idx2:12,wel_gr,wel_gr,122,0,freyberg6_template\wel_gr_inst20_grid.csv.tpl,freyberg6_template\mult\wel_gr_inst20_grid.csv,1.0,2018-05-03,122 days,grid,log,1.5,0.5,0.0,1,1.0,factor,1
pname:wel_gr_inst:20_ptype:gr_usecol:3_pstyle:m_idx0:2_idx1:9_idx2:16,pname:wel_gr_inst:20_ptype:gr_usecol:3_pstyle:m_idx0:2_idx1:9_idx2:16,wel_gr,wel_gr,122,0,freyberg6_template\wel_gr_inst20_grid.csv.tpl,freyberg6_template\mult\wel_gr_inst20_grid.csv,1.0,2018-05-03,122 days,grid,log,1.5,0.5,0.0,1,1.0,factor,1
pname:wel_gr_inst:21_ptype:gr_usecol:3_pstyle:m_idx0:2_idx1:11_idx2:13,pname:wel_gr_inst:21_ptype:gr_usecol:3_pstyle:m_idx0:2_idx1:11_idx2:13,wel_gr,wel_gr,153,0,freyberg6_template\wel_gr_inst21_grid.csv.tpl,freyberg6_template\mult\wel_gr_inst21_grid.csv,1.0,2018-06-03,153 days,grid,log,1.5,0.5,0.0,1,1.0,factor,1
pname:wel_gr_inst:21_ptype:gr_usecol:3_pstyle:m_idx0:2_idx1:20_idx2:14,pname:wel_gr_inst:21_ptype:gr_usecol:3_pstyle:m_idx0:2_idx1:20_idx2:14,wel_gr,wel_gr,153,0,freyberg6_template\wel_gr_inst21_grid.csv.tpl,freyberg6_template\mult\wel_gr_inst21_grid.csv,1.0,2018-06-03,153 days,grid,log,1.5,0.5,0.0,1,1.0,factor,1
pname:wel_gr_inst:21_ptype:gr_usecol:3_pstyle:m_idx0:2_idx1:26_idx2:10,pname:wel_gr_inst:21_ptype:gr_usecol:3_pstyle:m_idx0:2_idx1:26_idx2:10,wel_gr,wel_gr,153,0,freyberg6_template\wel_gr_inst21_grid.csv.tpl,freyberg6_template\mult\wel_gr_inst21_grid.csv,1.0,2018-06-03,153 days,grid,log,1.5,0.5,0.0,1,1.0,factor,1
pname:wel_gr_inst:21_ptype:gr_usecol:3_pstyle:m_idx0:2_idx1:29_idx2:6,pname:wel_gr_inst:21_ptype:gr_usecol:3_pstyle:m_idx0:2_idx1:29_idx2:6,wel_gr,wel_gr,153,0,freyberg6_template\wel_gr_inst21_grid.csv.tpl,freyberg6_template\mult\wel_gr_inst21_grid.csv,1.0,2018-06-03,153 days,grid,log,1.5,0.5,0.0,1,1.0,factor,1
pname:wel_gr_inst:21_ptype:gr_usecol:3_pstyle:m_idx0:2_idx1:34_idx2:12,pname:wel_gr_inst:21_ptype:gr_usecol:3_pstyle:m_idx0:2_idx1:34_idx2:12,wel_gr,wel_gr,153,0,freyberg6_template\wel_gr_inst21_grid.csv.tpl,freyberg6_template\mult\wel_gr_inst21_grid.csv,1.0,2018-06-03,153 days,grid,log,1.5,0.5,0.0,1,1.0,factor,1
pname:wel_gr_inst:21_ptype:gr_usecol:3_pstyle:m_idx0:2_idx1:9_idx2:16,pname:wel_gr_inst:21_ptype:gr_usecol:3_pstyle:m_idx0:2_idx1:9_idx2:16,wel_gr,wel_gr,153,0,freyberg6_template\wel_gr_inst21_grid.csv.tpl,freyberg6_template\mult\wel_gr_inst21_grid.csv,1.0,2018-06-03,153 days,grid,log,1.5,0.5,0.0,1,1.0,factor,1
pname:wel_gr_inst:22_ptype:gr_usecol:3_pstyle:m_idx0:2_idx1:11_idx2:13,pname:wel_gr_inst:22_ptype:gr_usecol:3_pstyle:m_idx0:2_idx1:11_idx2:13,wel_gr,wel_gr,183,0,freyberg6_template\wel_gr_inst22_grid.csv.tpl,freyberg6_template\mult\wel_gr_inst22_grid.csv,1.0,2018-07-03,183 days,grid,log,1.5,0.5,0.0,1,1.0,factor,1
pname:wel_gr_inst:22_ptype:gr_usecol:3_pstyle:m_idx0:2_idx1:20_idx2:14,pname:wel_gr_inst:22_ptype:gr_usecol:3_pstyle:m_idx0:2_idx1:20_idx2:14,wel_gr,wel_gr,183,0,freyberg6_template\wel_gr_inst22_grid.csv.tpl,freyberg6_template\mult\wel_gr_inst22_grid.csv,1.0,2018-07-03,183 days,grid,log,1.5,0.5,0.0,1,1.0,factor,1
pname:wel_gr_inst:22_ptype:gr_usecol:3_pstyle:m_idx0:2_idx1:26_idx2:10,pname:wel_gr_inst:22_ptype:gr_usecol:3_pstyle:m_idx0:2_idx1:26_idx2:10,wel_gr,wel_gr,183,0,freyberg6_template\wel_gr_inst22_grid.csv.tpl,freyberg6_template\mult\wel_gr_inst22_grid.csv,1.0,2018-07-03,183 days,grid,log,1.5,0.5,0.0,1,1.0,factor,1
pname:wel_gr_inst:22_ptype:gr_usecol:3_pstyle:m_idx0:2_idx1:29_idx2:6,pname:wel_gr_inst:22_ptype:gr_usecol:3_pstyle:m_idx0:2_idx1:29_idx2:6,wel_gr,wel_gr,183,0,freyberg6_template\wel_gr_inst22_grid.csv.tpl,freyberg6_template\mult\wel_gr_inst22_grid.csv,1.0,2018-07-03,183 days,grid,log,1.5,0.5,0.0,1,1.0,factor,1
pname:wel_gr_inst:22_ptype:gr_usecol:3_pstyle:m_idx0:2_idx1:34_idx2:12,pname:wel_gr_inst:22_ptype:gr_usecol:3_pstyle:m_idx0:2_idx1:34_idx2:12,wel_gr,wel_gr,183,0,freyberg6_template\wel_gr_inst22_grid.csv.tpl,freyberg6_template\mult\wel_gr_inst22_grid.csv,1.0,2018-07-03,183 days,grid,log,1.5,0.5,0.0,1,1.0,factor,1
pname:wel_gr_inst:22_ptype:gr_usecol:3_pstyle:m_idx0:2_idx1:9_idx2:16,pname:wel_gr_inst:22_ptype:gr_usecol:3_pstyle:m_idx0:2_idx1:9_idx2:16,wel_gr,wel_gr,183,0,freyberg6_template\wel_gr_inst22_grid.csv.tpl,freyberg6_template\mult\wel_gr_inst22_grid.csv,1.0,2018-07-03,183 days,grid,log,1.5,0.5,0.0,1,1.0,factor,1
pname:wel_gr_inst:23_ptype:gr_usecol:3_pstyle:m_idx0:2_idx1:11_idx2:13,pname:wel_gr_inst:23_ptype:gr_usecol:3_pstyle:m_idx0:2_idx1:11_idx2:13,wel_gr,wel_gr,214,0,freyberg6_template\wel_gr_inst23_grid.csv.tpl,freyberg6_template\mult\wel_gr_inst23_grid.csv,1.0,2018-08-03,214 days,grid,log,1.5,0.5,0.0,1,1.0,factor,1
pname:wel_gr_inst:23_ptype:gr_usecol:3_pstyle:m_idx0:2_idx1:20_idx2:14,pname:wel_gr_inst:23_ptype:gr_usecol:3_pstyle:m_idx0:2_idx1:20_idx2:14,wel_gr,wel_gr,214,0,freyberg6_template\wel_gr_inst23_grid.csv.tpl,freyberg6_template\mult\wel_gr_inst23_grid.csv,1.0,2018-08-03,214 days,grid,log,1.5,0.5,0.0,1,1.0,factor,1
pname:wel_gr_inst:23_ptype:gr_usecol:3_pstyle:m_idx0:2_idx1:26_idx2:10,pname:wel_gr_inst:23_ptype:gr_usecol:3_pstyle:m_idx0:2_idx1:26_idx2:10,wel_gr,wel_gr,214,0,freyberg6_template\wel_gr_inst23_grid.csv.tpl,freyberg6_template\mult\wel_gr_inst23_grid.csv,1.0,2018-08-03,214 days,grid,log,1.5,0.5,0.0,1,1.0,factor,1
pname:wel_gr_inst:23_ptype:gr_usecol:3_pstyle:m_idx0:2_idx1:29_idx2:6,pname:wel_gr_inst:23_ptype:gr_usecol:3_pstyle:m_idx0:2_idx1:29_idx2:6,wel_gr,wel_gr,214,0,freyberg6_template\wel_gr_inst23_grid.csv.tpl,freyberg6_template\mult\wel_gr_inst23_grid.csv,1.0,2018-08-03,214 days,grid,log,1.5,0.5,0.0,1,1.0,factor,1
pname:wel_gr_inst:23_ptype:gr_usecol:3_pstyle:m_idx0:2_idx1:34_idx2:12,pname:wel_gr_inst:23_ptype:gr_usecol:3_pstyle:m_idx0:2_idx1:34_idx2:12,wel_gr,wel_gr,214,0,freyberg6_template\wel_gr_inst23_grid.csv.tpl,freyberg6_template\mult\wel_gr_inst23_grid.csv,1.0,2018-08-03,214 days,grid,log,1.5,0.5,0.0,1,1.0,factor,1
pname:wel_gr_inst:23_ptype:gr_usecol:3_pstyle:m_idx0:2_idx1:9_idx2:16,pname:wel_gr_inst:23_ptype:gr_usecol:3_pstyle:m_idx0:2_idx1:9_idx2:16,wel_gr,wel_gr,214,0,freyberg6_template\wel_gr_inst23_grid.csv.tpl,freyberg6_template\mult\wel_gr_inst23_grid.csv,1.0,2018-08-03,214 days,grid,log,1.5,0.5,0.0,1,1.0,factor,1
pname:wel_gr_inst:24_ptype:gr_usecol:3_pstyle:m_idx0:2_idx1:11_idx2:13,pname:wel_gr_inst:24_ptype:gr_usecol:3_pstyle:m_idx0:2_idx1:11_idx2:13,wel_gr,wel_gr,245,0,freyberg6_template\wel_gr_inst24_grid.csv.tpl,freyberg6_template\mult\wel_gr_inst24_grid.csv,1.0,2018-09-03,245 days,grid,log,1.5,0.5,0.0,1,1.0,factor,1
pname:wel_gr_inst:24_ptype:gr_usecol:3_pstyle:m_idx0:2_idx1:20_idx2:14,pname:wel_gr_inst:24_ptype:gr_usecol:3_pstyle:m_idx0:2_idx1:20_idx2:14,wel_gr,wel_gr,245,0,freyberg6_template\wel_gr_inst24_grid.csv.tpl,freyberg6_template\mult\wel_gr_inst24_grid.csv,1.0,2018-09-03,245 days,grid,log,1.5,0.5,0.0,1,1.0,factor,1
pname:wel_gr_inst:24_ptype:gr_usecol:3_pstyle:m_idx0:2_idx1:26_idx2:10,pname:wel_gr_inst:24_ptype:gr_usecol:3_pstyle:m_idx0:2_idx1:26_idx2:10,wel_gr,wel_gr,245,0,freyberg6_template\wel_gr_inst24_grid.csv.tpl,freyberg6_template\mult\wel_gr_inst24_grid.csv,1.0,2018-09-03,245 days,grid,log,1.5,0.5,0.0,1,1.0,factor,1
pname:wel_gr_inst:24_ptype:gr_usecol:3_pstyle:m_idx0:2_idx1:29_idx2:6,pname:wel_gr_inst:24_ptype:gr_usecol:3_pstyle:m_idx0:2_idx1:29_idx2:6,wel_gr,wel_gr,245,0,freyberg6_template\wel_gr_inst24_grid.csv.tpl,freyberg6_template\mult\wel_gr_inst24_grid.csv,1.0,2018-09-03,245 days,grid,log,1.5,0.5,0.0,1,1.0,factor,1
pname:wel_gr_inst:24_ptype:gr_usecol:3_pstyle:m_idx0:2_idx1:34_idx2:12,pname:wel_gr_inst:24_ptype:gr_usecol:3_pstyle:m_idx0:2_idx1:34_idx2:12,wel_gr,wel_gr,245,0,freyberg6_template\wel_gr_inst24_grid.csv.tpl,freyberg6_template\mult\wel_gr_inst24_grid.csv,1.0,2018-09-03,245 days,grid,log,1.5,0.5,0.0,1,1.0,factor,1
pname:wel_gr_inst:24_ptype:gr_usecol:3_pstyle:m_idx0:2_idx1:9_idx2:16,pname:wel_gr_inst:24_ptype:gr_usecol:3_pstyle:m_idx0:2_idx1:9_idx2:16,wel_gr,wel_gr,245,0,freyberg6_template\wel_gr_inst24_grid.csv.tpl,freyberg6_template\mult\wel_gr_inst24_grid.csv,1.0,2018-09-03,245 days,grid,log,1.5,0.5,0.0,1,1.0,factor,1
pname:wel_gr_inst:2_ptype:gr_usecol:3_pstyle:m_idx0:2_idx1:11_idx2:13,pname:wel_gr_inst:2_ptype:gr_usecol:3_pstyle:m_idx0:2_idx1:11_idx2:13,wel_gr,wel_gr,306,0,freyberg6_template\wel_gr_inst2_grid.csv.tpl,freyberg6_template\mult\wel_gr_inst2_grid.csv,1.0,2018-11-03,306 days,grid,log,1.5,0.5,0.0,1,1.0,factor,1
pname:wel_gr_inst:2_ptype:gr_usecol:3_pstyle:m_idx0:2_idx1:20_idx2:14,pname:wel_gr_inst:2_ptype:gr_usecol:3_pstyle:m_idx0:2_idx1:20_idx2:14,wel_gr,wel_gr,306,0,freyberg6_template\wel_gr_inst2_grid.csv.tpl,freyberg6_template\mult\wel_gr_inst2_grid.csv,1.0,2018-11-03,306 days,grid,log,1.5,0.5,0.0,1,1.0,factor,1
pname:wel_gr_inst:2_ptype:gr_usecol:3_pstyle:m_idx0:2_idx1:26_idx2:10,pname:wel_gr_inst:2_ptype:gr_usecol:3_pstyle:m_idx0:2_idx1:26_idx2:10,wel_gr,wel_gr,306,0,freyberg6_template\wel_gr_inst2_grid.csv.tpl,freyberg6_template\mult\wel_gr_inst2_grid.csv,1.0,2018-11-03,306 days,grid,log,1.5,0.5,0.0,1,1.0,factor,1
pname:wel_gr_inst:2_ptype:gr_usecol:3_pstyle:m_idx0:2_idx1:29_idx2:6,pname:wel_gr_inst:2_ptype:gr_usecol:3_pstyle:m_idx0:2_idx1:29_idx2:6,wel_gr,wel_gr,306,0,freyberg6_template\wel_gr_inst2_grid.csv.tpl,freyberg6_template\mult\wel_gr_inst2_grid.csv,1.0,2018-11-03,306 days,grid,log,1.5,0.5,0.0,1,1.0,factor,1
pname:wel_gr_inst:2_ptype:gr_usecol:3_pstyle:m_idx0:2_idx1:34_idx2:12,pname:wel_gr_inst:2_ptype:gr_usecol:3_pstyle:m_idx0:2_idx1:34_idx2:12,wel_gr,wel_gr,306,0,freyberg6_template\wel_gr_inst2_grid.csv.tpl,freyberg6_template\mult\wel_gr_inst2_grid.csv,1.0,2018-11-03,306 days,grid,log,1.5,0.5,0.0,1,1.0,factor,1
pname:wel_gr_inst:2_ptype:gr_usecol:3_pstyle:m_idx0:2_idx1:9_idx2:16,pname:wel_gr_inst:2_ptype:gr_usecol:3_pstyle:m_idx0:2_idx1:9_idx2:16,wel_gr,wel_gr,306,0,freyberg6_template\wel_gr_inst2_grid.csv.tpl,freyberg6_template\mult\wel_gr_inst2_grid.csv,1.0,2018-11-03,306 days,grid,log,1.5,0.5,0.0,1,1.0,factor,1
pname:wel_gr_inst:3_ptype:gr_usecol:3_pstyle:m_idx0:2_idx1:11_idx2:13,pname:wel_gr_inst:3_ptype:gr_usecol:3_pstyle:m_idx0:2_idx1:11_idx2:13,wel_gr,wel_gr,336,0,freyberg6_template\wel_gr_inst3_grid.csv.tpl,freyberg6_template\mult\wel_gr_inst3_grid.csv,1.0,2018-12-03,336 days,grid,log,1.5,0.5,0.0,1,1.0,factor,1
pname:wel_gr_inst:3_ptype:gr_usecol:3_pstyle:m_idx0:2_idx1:20_idx2:14,pname:wel_gr_inst:3_ptype:gr_usecol:3_pstyle:m_idx0:2_idx1:20_idx2:14,wel_gr,wel_gr,336,0,freyberg6_template\wel_gr_inst3_grid.csv.tpl,freyberg6_template\mult\wel_gr_inst3_grid.csv,1.0,2018-12-03,336 days,grid,log,1.5,0.5,0.0,1,1.0,factor,1
pname:wel_gr_inst:3_ptype:gr_usecol:3_pstyle:m_idx0:2_idx1:26_idx2:10,pname:wel_gr_inst:3_ptype:gr_usecol:3_pstyle:m_idx0:2_idx1:26_idx2:10,wel_gr,wel_gr,336,0,freyberg6_template\wel_gr_inst3_grid.csv.tpl,freyberg6_template\mult\wel_gr_inst3_grid.csv,1.0,2018-12-03,336 days,grid,log,1.5,0.5,0.0,1,1.0,factor,1
pname:wel_gr_inst:3_ptype:gr_usecol:3_pstyle:m_idx0:2_idx1:29_idx2:6,pname:wel_gr_inst:3_ptype:gr_usecol:3_pstyle:m_idx0:2_idx1:29_idx2:6,wel_gr,wel_gr,336,0,freyberg6_template\wel_gr_inst3_grid.csv.tpl,freyberg6_template\mult\wel_gr_inst3_grid.csv,1.0,2018-12-03,336 days,grid,log,1.5,0.5,0.0,1,1.0,factor,1
pname:wel_gr_inst:3_ptype:gr_usecol:3_pstyle:m_idx0:2_idx1:34_idx2:12,pname:wel_gr_inst:3_ptype:gr_usecol:3_pstyle:m_idx0:2_idx1:34_idx2:12,wel_gr,wel_gr,336,0,freyberg6_template\wel_gr_inst3_grid.csv.tpl,freyberg6_template\mult\wel_gr_inst3_grid.csv,1.0,2018-12-03,336 days,grid,log,1.5,0.5,0.0,1,1.0,factor,1
pname:wel_gr_inst:3_ptype:gr_usecol:3_pstyle:m_idx0:2_idx1:9_idx2:16,pname:wel_gr_inst:3_ptype:gr_usecol:3_pstyle:m_idx0:2_idx1:9_idx2:16,wel_gr,wel_gr,336,0,freyberg6_template\wel_gr_inst3_grid.csv.tpl,freyberg6_template\mult\wel_gr_inst3_grid.csv,1.0,2018-12-03,336 days,grid,log,1.5,0.5,0.0,1,1.0,factor,1
pname:wel_gr_inst:4_ptype:gr_usecol:3_pstyle:m_idx0:2_idx1:11_idx2:13,pname:wel_gr_inst:4_ptype:gr_usecol:3_pstyle:m_idx0:2_idx1:11_idx2:13,wel_gr,wel_gr,367,0,freyberg6_template\wel_gr_inst4_grid.csv.tpl,freyberg6_template\mult\wel_gr_inst4_grid.csv,1.0,2019-01-03,367 days,grid,log,1.5,0.5,0.0,1,1.0,factor,1
pname:wel_gr_inst:4_ptype:gr_usecol:3_pstyle:m_idx0:2_idx1:20_idx2:14,pname:wel_gr_inst:4_ptype:gr_usecol:3_pstyle:m_idx0:2_idx1:20_idx2:14,wel_gr,wel_gr,367,0,freyberg6_template\wel_gr_inst4_grid.csv.tpl,freyberg6_template\mult\wel_gr_inst4_grid.csv,1.0,2019-01-03,367 days,grid,log,1.5,0.5,0.0,1,1.0,factor,1
pname:wel_gr_inst:4_ptype:gr_usecol:3_pstyle:m_idx0:2_idx1:26_idx2:10,pname:wel_gr_inst:4_ptype:gr_usecol:3_pstyle:m_idx0:2_idx1:26_idx2:10,wel_gr,wel_gr,367,0,freyberg6_template\wel_gr_inst4_grid.csv.tpl,freyberg6_template\mult\wel_gr_inst4_grid.csv,1.0,2019-01-03,367 days,grid,log,1.5,0.5,0.0,1,1.0,factor,1
pname:wel_gr_inst:4_ptype:gr_usecol:3_pstyle:m_idx0:2_idx1:29_idx2:6,pname:wel_gr_inst:4_ptype:gr_usecol:3_pstyle:m_idx0:2_idx1:29_idx2:6,wel_gr,wel_gr,367,0,freyberg6_template\wel_gr_inst4_grid.csv.tpl,freyberg6_template\mult\wel_gr_inst4_grid.csv,1.0,2019-01-03,367 days,grid,log,1.5,0.5,0.0,1,1.0,factor,1
pname:wel_gr_inst:4_ptype:gr_usecol:3_pstyle:m_idx0:2_idx1:34_idx2:12,pname:wel_gr_inst:4_ptype:gr_usecol:3_pstyle:m_idx0:2_idx1:34_idx2:12,wel_gr,wel_gr,367,0,freyberg6_template\wel_gr_inst4_grid.csv.tpl,freyberg6_template\mult\wel_gr_inst4_grid.csv,1.0,2019-01-03,367 days,grid,log,1.5,0.5,0.0,1,1.0,factor,1
pname:wel_gr_inst:4_ptype:gr_usecol:3_pstyle:m_idx0:2_idx1:9_idx2:16,pname:wel_gr_inst:4_ptype:gr_usecol:3_pstyle:m_idx0:2_idx1:9_idx2:16,wel_gr,wel_gr,367,0,freyberg6_template\wel_gr_inst4_grid.csv.tpl,freyberg6_template\mult\wel_gr_inst4_grid.csv,1.0,2019-01-03,367 days,grid,log,1.5,0.5,0.0,1,1.0,factor,1
pname:wel_gr_inst:5_ptype:gr_usecol:3_pstyle:m_idx0:2_idx1:11_idx2:13,pname:wel_gr_inst:5_ptype:gr_usecol:3_pstyle:m_idx0:2_idx1:11_idx2:13,wel_gr,wel_gr,398,0,freyberg6_template\wel_gr_inst5_grid.csv.tpl,freyberg6_template\mult\wel_gr_inst5_grid.csv,1.0,2019-02-03,398 days,grid,log,1.5,0.5,0.0,1,1.0,factor,1
pname:wel_gr_inst:5_ptype:gr_usecol:3_pstyle:m_idx0:2_idx1:20_idx2:14,pname:wel_gr_inst:5_ptype:gr_usecol:3_pstyle:m_idx0:2_idx1:20_idx2:14,wel_gr,wel_gr,398,0,freyberg6_template\wel_gr_inst5_grid.csv.tpl,freyberg6_template\mult\wel_gr_inst5_grid.csv,1.0,2019-02-03,398 days,grid,log,1.5,0.5,0.0,1,1.0,factor,1
pname:wel_gr_inst:5_ptype:gr_usecol:3_pstyle:m_idx0:2_idx1:26_idx2:10,pname:wel_gr_inst:5_ptype:gr_usecol:3_pstyle:m_idx0:2_idx1:26_idx2:10,wel_gr,wel_gr,398,0,freyberg6_template\wel_gr_inst5_grid.csv.tpl,freyberg6_template\mult\wel_gr_inst5_grid.csv,1.0,2019-02-03,398 days,grid,log,1.5,0.5,0.0,1,1.0,factor,1
pname:wel_gr_inst:5_ptype:gr_usecol:3_pstyle:m_idx0:2_idx1:29_idx2:6,pname:wel_gr_inst:5_ptype:gr_usecol:3_pstyle:m_idx0:2_idx1:29_idx2:6,wel_gr,wel_gr,398,0,freyberg6_template\wel_gr_inst5_grid.csv.tpl,freyberg6_template\mult\wel_gr_inst5_grid.csv,1.0,2019-02-03,398 days,grid,log,1.5,0.5,0.0,1,1.0,factor,1
pname:wel_gr_inst:5_ptype:gr_usecol:3_pstyle:m_idx0:2_idx1:34_idx2:12,pname:wel_gr_inst:5_ptype:gr_usecol:3_pstyle:m_idx0:2_idx1:34_idx2:12,wel_gr,wel_gr,398,0,freyberg6_template\wel_gr_inst5_grid.csv.tpl,freyberg6_template\mult\wel_gr_inst5_grid.csv,1.0,2019-02-03,398 days,grid,log,1.5,0.5,0.0,1,1.0,factor,1
pname:wel_gr_inst:5_ptype:gr_usecol:3_pstyle:m_idx0:2_idx1:9_idx2:16,pname:wel_gr_inst:5_ptype:gr_usecol:3_pstyle:m_idx0:2_idx1:9_idx2:16,wel_gr,wel_gr,398,0,freyberg6_template\wel_gr_inst5_grid.csv.tpl,freyberg6_template\mult\wel_gr_inst5_grid.csv,1.0,2019-02-03,398 days,grid,log,1.5,0.5,0.0,1,1.0,factor,1
pname:wel_gr_inst:6_ptype:gr_usecol:3_pstyle:m_idx0:2_idx1:11_idx2:13,pname:wel_gr_inst:6_ptype:gr_usecol:3_pstyle:m_idx0:2_idx1:11_idx2:13,wel_gr,wel_gr,426,0,freyberg6_template\wel_gr_inst6_grid.csv.tpl,freyberg6_template\mult\wel_gr_inst6_grid.csv,1.0,2019-03-03,426 days,grid,log,1.5,0.5,0.0,1,1.0,factor,1
pname:wel_gr_inst:6_ptype:gr_usecol:3_pstyle:m_idx0:2_idx1:20_idx2:14,pname:wel_gr_inst:6_ptype:gr_usecol:3_pstyle:m_idx0:2_idx1:20_idx2:14,wel_gr,wel_gr,426,0,freyberg6_template\wel_gr_inst6_grid.csv.tpl,freyberg6_template\mult\wel_gr_inst6_grid.csv,1.0,2019-03-03,426 days,grid,log,1.5,0.5,0.0,1,1.0,factor,1
pname:wel_gr_inst:6_ptype:gr_usecol:3_pstyle:m_idx0:2_idx1:26_idx2:10,pname:wel_gr_inst:6_ptype:gr_usecol:3_pstyle:m_idx0:2_idx1:26_idx2:10,wel_gr,wel_gr,426,0,freyberg6_template\wel_gr_inst6_grid.csv.tpl,freyberg6_template\mult\wel_gr_inst6_grid.csv,1.0,2019-03-03,426 days,grid,log,1.5,0.5,0.0,1,1.0,factor,1
pname:wel_gr_inst:6_ptype:gr_usecol:3_pstyle:m_idx0:2_idx1:29_idx2:6,pname:wel_gr_inst:6_ptype:gr_usecol:3_pstyle:m_idx0:2_idx1:29_idx2:6,wel_gr,wel_gr,426,0,freyberg6_template\wel_gr_inst6_grid.csv.tpl,freyberg6_template\mult\wel_gr_inst6_grid.csv,1.0,2019-03-03,426 days,grid,log,1.5,0.5,0.0,1,1.0,factor,1
pname:wel_gr_inst:6_ptype:gr_usecol:3_pstyle:m_idx0:2_idx1:34_idx2:12,pname:wel_gr_inst:6_ptype:gr_usecol:3_pstyle:m_idx0:2_idx1:34_idx2:12,wel_gr,wel_gr,426,0,freyberg6_template\wel_gr_inst6_grid.csv.tpl,freyberg6_template\mult\wel_gr_inst6_grid.csv,1.0,2019-03-03,426 days,grid,log,1.5,0.5,0.0,1,1.0,factor,1
pname:wel_gr_inst:6_ptype:gr_usecol:3_pstyle:m_idx0:2_idx1:9_idx2:16,pname:wel_gr_inst:6_ptype:gr_usecol:3_pstyle:m_idx0:2_idx1:9_idx2:16,wel_gr,wel_gr,426,0,freyberg6_template\wel_gr_inst6_grid.csv.tpl,freyberg6_template\mult\wel_gr_inst6_grid.csv,1.0,2019-03-03,426 days,grid,log,1.5,0.5,0.0,1,1.0,factor,1
pname:wel_gr_inst:7_ptype:gr_usecol:3_pstyle:m_idx0:2_idx1:11_idx2:13,pname:wel_gr_inst:7_ptype:gr_usecol:3_pstyle:m_idx0:2_idx1:11_idx2:13,wel_gr,wel_gr,457,0,freyberg6_template\wel_gr_inst7_grid.csv.tpl,freyberg6_template\mult\wel_gr_inst7_grid.csv,1.0,2019-04-03,457 days,grid,log,1.5,0.5,0.0,1,1.0,factor,1
pname:wel_gr_inst:7_ptype:gr_usecol:3_pstyle:m_idx0:2_idx1:20_idx2:14,pname:wel_gr_inst:7_ptype:gr_usecol:3_pstyle:m_idx0:2_idx1:20_idx2:14,wel_gr,wel_gr,457,0,freyberg6_template\wel_gr_inst7_grid.csv.tpl,freyberg6_template\mult\wel_gr_inst7_grid.csv,1.0,2019-04-03,457 days,grid,log,1.5,0.5,0.0,1,1.0,factor,1
pname:wel_gr_inst:7_ptype:gr_usecol:3_pstyle:m_idx0:2_idx1:26_idx2:10,pname:wel_gr_inst:7_ptype:gr_usecol:3_pstyle:m_idx0:2_idx1:26_idx2:10,wel_gr,wel_gr,457,0,freyberg6_template\wel_gr_inst7_grid.csv.tpl,freyberg6_template\mult\wel_gr_inst7_grid.csv,1.0,2019-04-03,457 days,grid,log,1.5,0.5,0.0,1,1.0,factor,1
pname:wel_gr_inst:7_ptype:gr_usecol:3_pstyle:m_idx0:2_idx1:29_idx2:6,pname:wel_gr_inst:7_ptype:gr_usecol:3_pstyle:m_idx0:2_idx1:29_idx2:6,wel_gr,wel_gr,457,0,freyberg6_template\wel_gr_inst7_grid.csv.tpl,freyberg6_template\mult\wel_gr_inst7_grid.csv,1.0,2019-04-03,457 days,grid,log,1.5,0.5,0.0,1,1.0,factor,1
pname:wel_gr_inst:7_ptype:gr_usecol:3_pstyle:m_idx0:2_idx1:34_idx2:12,pname:wel_gr_inst:7_ptype:gr_usecol:3_pstyle:m_idx0:2_idx1:34_idx2:12,wel_gr,wel_gr,457,0,freyberg6_template\wel_gr_inst7_grid.csv.tpl,freyberg6_template\mult\wel_gr_inst7_grid.csv,1.0,2019-04-03,457 days,grid,log,1.5,0.5,0.0,1,1.0,factor,1
pname:wel_gr_inst:7_ptype:gr_usecol:3_pstyle:m_idx0:2_idx1:9_idx2:16,pname:wel_gr_inst:7_ptype:gr_usecol:3_pstyle:m_idx0:2_idx1:9_idx2:16,wel_gr,wel_gr,457,0,freyberg6_template\wel_gr_inst7_grid.csv.tpl,freyberg6_template\mult\wel_gr_inst7_grid.csv,1.0,2019-04-03,457 days,grid,log,1.5,0.5,0.0,1,1.0,factor,1
pname:wel_gr_inst:8_ptype:gr_usecol:3_pstyle:m_idx0:2_idx1:11_idx2:13,pname:wel_gr_inst:8_ptype:gr_usecol:3_pstyle:m_idx0:2_idx1:11_idx2:13,wel_gr,wel_gr,487,0,freyberg6_template\wel_gr_inst8_grid.csv.tpl,freyberg6_template\mult\wel_gr_inst8_grid.csv,1.0,2019-05-03,487 days,grid,log,1.5,0.5,0.0,1,1.0,factor,1
pname:wel_gr_inst:8_ptype:gr_usecol:3_pstyle:m_idx0:2_idx1:20_idx2:14,pname:wel_gr_inst:8_ptype:gr_usecol:3_pstyle:m_idx0:2_idx1:20_idx2:14,wel_gr,wel_gr,487,0,freyberg6_template\wel_gr_inst8_grid.csv.tpl,freyberg6_template\mult\wel_gr_inst8_grid.csv,1.0,2019-05-03,487 days,grid,log,1.5,0.5,0.0,1,1.0,factor,1
pname:wel_gr_inst:8_ptype:gr_usecol:3_pstyle:m_idx0:2_idx1:26_idx2:10,pname:wel_gr_inst:8_ptype:gr_usecol:3_pstyle:m_idx0:2_idx1:26_idx2:10,wel_gr,wel_gr,487,0,freyberg6_template\wel_gr_inst8_grid.csv.tpl,freyberg6_template\mult\wel_gr_inst8_grid.csv,1.0,2019-05-03,487 days,grid,log,1.5,0.5,0.0,1,1.0,factor,1
pname:wel_gr_inst:8_ptype:gr_usecol:3_pstyle:m_idx0:2_idx1:29_idx2:6,pname:wel_gr_inst:8_ptype:gr_usecol:3_pstyle:m_idx0:2_idx1:29_idx2:6,wel_gr,wel_gr,487,0,freyberg6_template\wel_gr_inst8_grid.csv.tpl,freyberg6_template\mult\wel_gr_inst8_grid.csv,1.0,2019-05-03,487 days,grid,log,1.5,0.5,0.0,1,1.0,factor,1
pname:wel_gr_inst:8_ptype:gr_usecol:3_pstyle:m_idx0:2_idx1:34_idx2:12,pname:wel_gr_inst:8_ptype:gr_usecol:3_pstyle:m_idx0:2_idx1:34_idx2:12,wel_gr,wel_gr,487,0,freyberg6_template\wel_gr_inst8_grid.csv.tpl,freyberg6_template\mult\wel_gr_inst8_grid.csv,1.0,2019-05-03,487 days,grid,log,1.5,0.5,0.0,1,1.0,factor,1
pname:wel_gr_inst:8_ptype:gr_usecol:3_pstyle:m_idx0:2_idx1:9_idx2:16,pname:wel_gr_inst:8_ptype:gr_usecol:3_pstyle:m_idx0:2_idx1:9_idx2:16,wel_gr,wel_gr,487,0,freyberg6_template\wel_gr_inst8_grid.csv.tpl,freyberg6_template\mult\wel_gr_inst8_grid.csv,1.0,2019-05-03,487 days,grid,log,1.5,0.5,0.0,1,1.0,factor,1
pname:wel_gr_inst:9_ptype:gr_usecol:3_pstyle:m_idx0:2_idx1:11_idx2:13,pname:wel_gr_inst:9_ptype:gr_usecol:3_pstyle:m_idx0:2_idx1:11_idx2:13,wel_gr,wel_gr,518,0,freyberg6_template\wel_gr_inst9_grid.csv.tpl,freyberg6_template\mult\wel_gr_inst9_grid.csv,1.0,2019-06-03,518 days,grid,log,1.5,0.5,0.0,1,1.0,factor,1
pname:wel_gr_inst:9_ptype:gr_usecol:3_pstyle:m_idx0:2_idx1:20_idx2:14,pname:wel_gr_inst:9_ptype:gr_usecol:3_pstyle:m_idx0:2_idx1:20_idx2:14,wel_gr,wel_gr,518,0,freyberg6_template\wel_gr_inst9_grid.csv.tpl,freyberg6_template\mult\wel_gr_inst9_grid.csv,1.0,2019-06-03,518 days,grid,log,1.5,0.5,0.0,1,1.0,factor,1
pname:wel_gr_inst:9_ptype:gr_usecol:3_pstyle:m_idx0:2_idx1:26_idx2:10,pname:wel_gr_inst:9_ptype:gr_usecol:3_pstyle:m_idx0:2_idx1:26_idx2:10,wel_gr,wel_gr,518,0,freyberg6_template\wel_gr_inst9_grid.csv.tpl,freyberg6_template\mult\wel_gr_inst9_grid.csv,1.0,2019-06-03,518 days,grid,log,1.5,0.5,0.0,1,1.0,factor,1
pname:wel_gr_inst:9_ptype:gr_usecol:3_pstyle:m_idx0:2_idx1:29_idx2:6,pname:wel_gr_inst:9_ptype:gr_usecol:3_pstyle:m_idx0:2_idx1:29_idx2:6,wel_gr,wel_gr,518,0,freyberg6_template\wel_gr_inst9_grid.csv.tpl,freyberg6_template\mult\wel_gr_inst9_grid.csv,1.0,2019-06-03,518 days,grid,log,1.5,0.5,0.0,1,1.0,factor,1
pname:wel_gr_inst:9_ptype:gr_usecol:3_pstyle:m_idx0:2_idx1:34_idx2:12,pname:wel_gr_inst:9_ptype:gr_usecol:3_pstyle:m_idx0:2_idx1:34_idx2:12,wel_gr,wel_gr,518,0,freyberg6_template\wel_gr_inst9_grid.csv.tpl,freyberg6_template\mult\wel_gr_inst9_grid.csv,1.0,2019-06-03,518 days,grid,log,1.5,0.5,0.0,1,1.0,factor,1
pname:wel_gr_inst:9_ptype:gr_usecol:3_pstyle:m_idx0:2_idx1:9_idx2:16,pname:wel_gr_inst:9_ptype:gr_usecol:3_pstyle:m_idx0:2_idx1:9_idx2:16,wel_gr,wel_gr,518,0,freyberg6_template\wel_gr_inst9_grid.csv.tpl,freyberg6_template\mult\wel_gr_inst9_grid.csv,1.0,2019-06-03,518 days,grid,log,1.5,0.5,0.0,1,1.0,factor,1
